{
  "users": [
    {
      "userid": 1,
      "username": "Alice",
      "userStatus": 0,
      "lists": [1, 2]
    },
    {
      "userid": 2,
      "username": "Bob",
      "userStatus": 1,
      "lists": [3]
    }
  ],
  "lists": [
    {
      "id": 1,
      "name": "Supermarkt",
      "completed": false,
      "items": [1, 2, 3]
    },
    {
      "id": 2,
      "name": "Drogerie",
      "completed": false,
      "items": [4, 5]
    },
    {
      "id": 3,
      "name": "Bürobedarf",
      "completed": true,
      "items": [6]
    }
  ],
  "items": [
    {
      "id": 1,
      "name": "Äpfel",
      "symbol": "🍏",
      "tags": ["Obst"]
    },
    {
      "id": 2,
      "name": "Milch",
      "symbol": "🥛",
      "tags": ["Getränke"]
    },
    {
      "id": 3,
      "name": "Brot",
      "symbol": "🍞",
      "tags": ["Backwaren"]
    },
    {
      "id": 4,
      "name": "Duschgel",
      "symbol": "🧼",
      "tags": ["Pflege"]
    },
    {
      "id": 5,
      "name": "Shampoo",
      "symbol": "🧴",
      "tags": ["Pflege"]
    },
    {
      "id": 6,
      "name": "Notizbuch",
      "symbol": "📓",
      "tags": ["Schreibwaren"]
    }
  ],
  "tags": [
    { "tagname": "Obst" },
    { "tagname": "Getränke" },
    { "tagname": "Backwaren" },
    { "tagname": "Pflege" },
    { "tagname": "Schreibwaren" }
  ]
}